Dataset_id,policy_content_file_name,groundtruth_owner,Ground Truth Question,Ground Truth Answer,Exact Source Text,Policy Document Title
reimbursement_policy_global_2025_gt_v1,Broadband_Reimbursement_Policy_BST.pdf,Pravin Jha,What is the purpose of the broadband reimbursement policy for BST staff?,"The policy sets out the guidelines for how BST staff can be reimbursed for home broadband, emphasizing that reimbursement is contingent on line manager approval and alignment with broader organizational standards. It defines the scope and conditions under which the benefit may be availed by eligible staff.","This policy defines the guidelines for broadband reimbursement for BST staff, subject to line manager approval and organizational standards.",Broadband Reimbursement Policy for BST Staff
reimbursement_policy_global_2025_gt_v1,Broadband_Reimbursement_Policy_BST.pdf,Pravin Jha,Who can apply for broadband reimbursement under this policy?,"Only BST staff are covered, and they must have approval from their line manager. Without line manager approval, the policy does not apply.",Policy is applicable only to BST staff with Line Manager approval.,Broadband Reimbursement Policy for BST Staff
reimbursement_policy_global_2025_gt_v1,Broadband_Reimbursement_Policy_BST.pdf,Pravin Jha,How much can I get reimbursed each month for my home internet?,"The monthly reimbursement is capped at INR 1200. If your costs exceed that amount, the excess must be handled through the communication expense process via salary, not through the standard broadband reimbursement.","Monthly reimbursement limit: INR 1200.
Expenses above INR 1200 must be claimed as part of Communication Expense through salary.",Broadband Reimbursement Policy for BST Staff
reimbursement_policy_global_2025_gt_v1,Broadband_Reimbursement_Policy_BST.pdf,Pravin Jha,Can I claim reimbursement if my home internet connection is not in my name?,No. The reimbursement is permitted only when the home internet connection is registered in the staff member’s own name; connections in any other name are not eligible.,Reimbursement is allowed only if home internet is in the staff member’s name.,Broadband Reimbursement Policy for BST Staff
reimbursement_policy_global_2025_gt_v1,Broadband_Reimbursement_Policy_BST.pdf,Pravin Jha,I still have a MiFi or data card issued by BCG. Can I start claiming broadband reimbursement?,Not yet. You must return any assigned MiFi or data card to the Local IT team before you can avail the broadband reimbursement benefit.,Any MiFi/Data card assigned must be returned to Local IT before availing this benefit.,Broadband Reimbursement Policy for BST Staff
reimbursement_policy_global_2025_gt_v1,Broadband_Reimbursement_Policy_BST.pdf,Pravin Jha,Where do I submit my broadband reimbursement claim and how should I code it?,Submit your claim in Chrome River and charge it to the correct case code based on your home office. Choosing the appropriate code is required for the claim to be processed correctly.,"Use the correct case codes as below (basis your home office), when submitting claims in Chrome River",Broadband Reimbursement Policy for BST Staff
reimbursement_policy_global_2025_gt_v1,Broadband_Reimbursement_Policy_BST.pdf,Pravin Jha,"If my home office is Bengaluru (BGL), Chennai (CHE), Mumbai (MUM), or New Delhi (NDE), which case code should I select in Chrome River?","For BGL, CHE, MUM, and NDE home offices, use the case code 60001067.1.1 when submitting your claim in Chrome River.","o BGL, CHE, MUM, NDE : 60001067.1.1",Broadband Reimbursement Policy for BST Staff
reimbursement_policy_global_2025_gt_v1,Broadband_Reimbursement_Policy_BST.pdf,Pravin Jha,What case code applies to the GSD home office for broadband reimbursement claims?,"If your home office is GSD, charge the expense to case code 60000817.1.1 in Chrome River.",o GSD : 60000817.1.1,Broadband Reimbursement Policy for BST Staff
reimbursement_policy_global_2025_gt_v1,Broadband_Reimbursement_Policy_BST.pdf,Pravin Jha,Which case code should I use if my home office is BEK?,"For the BEK home office, use case code 60000816.1.1 when submitting your claim in Chrome River.",o BEK : 60000816.1.1,Broadband Reimbursement Policy for BST Staff
reimbursement_policy_global_2025_gt_v1,Broadband_Reimbursement_Policy_BST.pdf,Pravin Jha,What is the correct case code for IKA when filing a claim?,"If your home office is IKA, select case code 60000818.1.1 in Chrome River for your broadband reimbursement claim.",o IKA : 60000818.1.1,Broadband Reimbursement Policy for BST Staff
reimbursement_policy_global_2025_gt_v1,Broadband_Reimbursement_Policy_BST.pdf,Pravin Jha,What should I do if my monthly home internet bill exceeds INR 1200?,You may only claim up to INR 1200 under this policy. Any amount above INR 1200 must be processed separately as a Communication Expense through salary rather than as part of the broadband reimbursement.,"Monthly reimbursement limit: INR 1200.
Expenses above INR 1200 must be claimed as part of Communication Expense through salary.",Broadband Reimbursement Policy for BST Staff
reimbursement_policy_global_2025_gt_v1,Broadband_Reimbursement_Policy_BST.pdf,Pravin Jha,"As a line manager, what do I need to check before approving broadband reimbursement claims?","Line managers should ensure that the employee has charged the expense to the correct case code. If a situation falls outside the standard rules, it requires prior approval from functional leadership before it can be treated as an exception.","Ensure staff charge the expense against the correct case code.
Any exception requires prior approval from the functional leadership.",Broadband Reimbursement Policy for BST Staff
reimbursement_policy_global_2025_gt_v1,Broadband_Reimbursement_Policy_BST.pdf,Pravin Jha,Is broadband reimbursement available while I am on extended leave?,No. The policy does not cover broadband reimbursement during extended leave.,"Not covered: Broadband reimbursement during extended leave, unpaid leave, or any long-term paid leave beyond 30 days.",Broadband Reimbursement Policy for BST Staff
reimbursement_policy_global_2025_gt_v1,Broadband_Reimbursement_Policy_BST.pdf,Pravin Jha,Can I claim broadband reimbursement during unpaid leave?,No. Broadband reimbursement is not covered during periods of unpaid leave.,"Not covered: Broadband reimbursement during extended leave, unpaid leave, or any long-term paid leave beyond 30 days.",Broadband Reimbursement Policy for BST Staff
reimbursement_policy_global_2025_gt_v1,Broadband_Reimbursement_Policy_BST.pdf,Pravin Jha,"Does the policy cover long-term paid leave, and what is the threshold?",No. Broadband reimbursement is not covered during any long-term paid leave that extends beyond 30 days.,"Not covered: Broadband reimbursement during extended leave, unpaid leave, or any long-term paid leave beyond 30 days.",Broadband Reimbursement Policy for BST Staff
reimbursement_policy_global_2025_gt_v1,Broadband_Reimbursement_Policy_BST.pdf,Pravin Jha,Who can approve exceptions to this broadband reimbursement policy?,"Exceptions can be made only with prior approval from functional leadership. Without such approval, the standard rules apply.",Any exception requires prior approval from the functional leadership.,Broadband Reimbursement Policy for BST Staff
reimbursement_policy_global_2025_gt_v1,Broadband_Reimbursement_Policy_BST.pdf,Pravin Jha,Who should I contact if I have questions about the policy or need clarification on case codes?,You should reach out to your Local IT team for any questions or clarifications related to broadband reimbursement or coding in Chrome River.,"For any queries or clarifications, staff should contact their Local IT team.",Broadband Reimbursement Policy for BST Staff
reimbursement_policy_global_2025_gt_v1,Broadband_Reimbursement_Policy_BST.pdf,Pravin Jha,Do I need my line manager’s approval to be eligible for this reimbursement?,Yes. The policy applies only to BST staff who have line manager approval; it is not automatically available without that approval.,Policy is applicable only to BST staff with Line Manager approval.,Broadband Reimbursement Policy for BST Staff
reimbursement_policy_global_2025_gt_v1,Broadband_Reimbursement_Policy_BST.pdf,Pravin Jha,"If my home internet is in a family member’s name, can I still be reimbursed?",No. The connection must be in the staff member’s own name for the reimbursement to be allowed.,Reimbursement is allowed only if home internet is in the staff member’s name.,Broadband Reimbursement Policy for BST Staff
reimbursement_policy_global_2025_gt_v1,Broadband_Reimbursement_Policy_BST.pdf,Pravin Jha,Can I keep my BCG-issued MiFi and also claim home broadband reimbursement at the same time?,"No. To avail the broadband reimbursement, any assigned MiFi or data card must first be returned to Local IT.",Any MiFi/Data card assigned must be returned to Local IT before availing this benefit.,Broadband Reimbursement Policy for BST Staff
reimbursement_policy_global_2025_gt_v1,Broadband_Reimbursement_Policy_BST.pdf,Pravin Jha,What determines which case code I should use in Chrome River?,The case code is determined by your home office. Your claim should be charged against the correct case code corresponding to that home office.,"Use the correct case codes as below (basis your home office), when submitting claims in Chrome River",Broadband Reimbursement Policy for BST Staff
reimbursement_policy_global_2025_gt_v1,Broadband_Reimbursement_Policy_BST.pdf,Pravin Jha,"Does the policy operate independently, or does it need to align with broader organizational standards?",It is explicitly subject to line manager approval and to organizational standards. This means compliance with the policy must sit within the broader standards of the organization.,"This policy defines the guidelines for broadband reimbursement for BST staff, subject to line manager approval and organizational standards.",Broadband Reimbursement Policy for BST Staff
reimbursement_policy_global_2025_gt_v1,Broadband_Reimbursement_Policy_BST.pdf,Pravin Jha,"If my monthly bill is INR 1,500, how should I handle the claim under this policy?","You may claim INR 1,200 under the broadband reimbursement policy, since that is the monthly limit. The remaining INR 300 should be processed as a Communication Expense through salary, consistent with the policy’s direction for expenses above INR 1200.","Monthly reimbursement limit: INR 1200.
Expenses above INR 1200 must be claimed as part of Communication Expense through salary.",Broadband Reimbursement Policy for BST Staff
reimbursement_policy_global_2025_gt_v1,Broadband_Reimbursement_Policy_BST.pdf,Pravin Jha,"Which platform should I use to submit a broadband claim, and what should my manager verify?",You should submit the claim in Chrome River using the correct home-office-based case code. Your line manager should verify that the expense is correctly coded before approval.,"Use the correct case codes as below (basis your home office), when submitting claims in Chrome River
Ensure staff charge the expense against the correct case code.",Broadband Reimbursement Policy for BST Staff
reimbursement_policy_global_2025_gt_v1,Broadband_Reimbursement_Policy_BST.pdf,Pravin Jha,"Are claims permitted during extended or unpaid leave, and how are exceptions handled?","Claims are not covered during extended or unpaid leave. If an exception is sought, it must receive prior approval from the functional leadership before any reimbursement can be considered.","Not covered: Broadband reimbursement during extended leave, unpaid leave, or any long-term paid leave beyond 30 days.
Any exception requires prior approval from the functional leadership.",Broadband Reimbursement Policy for BST Staff
reimbursement_policy_global_2025_gt_v1,Broadband_Reimbursement_Policy_BST.pdf,Pravin Jha,Who should I contact for help if I am unsure whether my circumstances qualify for an exception?,You should contact your Local IT team for clarification. Do note that any exception to the standard rules will still require prior approval from functional leadership.,"Any exception requires prior approval from the functional leadership.
For any queries or clarifications, staff should contact their Local IT team.",Broadband Reimbursement Policy for BST Staff
